--------------------------------------------------------
--  File created - czwartek-stycznia-23-2025   
--------------------------------------------------------
--------------------------------------------------------
--  DDL for Sequence SEQ_1
--------------------------------------------------------

   CREATE SEQUENCE  "IE88219LK"."SEQ_1"  MINVALUE 1 MAXVALUE 5000 INCREMENT BY 1 START WITH 7 NOCACHE  NOORDER  NOCYCLE   ;
--------------------------------------------------------
--  DDL for Sequence SEQ_10
--------------------------------------------------------

   CREATE SEQUENCE  "IE88219LK"."SEQ_10"  MINVALUE 1 MAXVALUE 5000 INCREMENT BY 10 START WITH 60 NOCACHE  NOORDER  NOCYCLE   ;
--------------------------------------------------------
--  DDL for Table DOSTAWCY
--------------------------------------------------------

  CREATE TABLE "IE88219LK"."DOSTAWCY" 
   (	"DOSTAWCA_ID" NUMBER(7,0), 
	"NAZWA" VARCHAR2(40 BYTE), 
	"NIP" NUMBER(12,0), 
	"NR_TELEFONU" NUMBER(12,0), 
	"e-mail" VARCHAR2(40 BYTE)
   ) SEGMENT CREATION IMMEDIATE 
  PCTFREE 10 PCTUSED 40 INITRANS 1 MAXTRANS 255 
 NOCOMPRESS LOGGING
  STORAGE(INITIAL 65536 NEXT 1048576 MINEXTENTS 1 MAXEXTENTS 2147483645
  PCTINCREASE 0 FREELISTS 1 FREELIST GROUPS 1
  BUFFER_POOL DEFAULT FLASH_CACHE DEFAULT CELL_FLASH_CACHE DEFAULT)
  TABLESPACE "USERS" ;
--------------------------------------------------------
--  DDL for Table FAKTURY
--------------------------------------------------------

  CREATE TABLE "IE88219LK"."FAKTURY" 
   (	"FAKTURA_ID" NUMBER(12,0), 
	"KWOTA" NUMBER(7,0), 
	"CZY_NA_FIRME" CHAR(1 BYTE), 
	"PRACOWNICY_PRAC_ID" NUMBER(5,0), 
	"KLIENCI_KLIENT_ID" NUMBER(7,0)
   ) SEGMENT CREATION IMMEDIATE 
  PCTFREE 10 PCTUSED 40 INITRANS 1 MAXTRANS 255 
 NOCOMPRESS LOGGING
  STORAGE(INITIAL 65536 NEXT 1048576 MINEXTENTS 1 MAXEXTENTS 2147483645
  PCTINCREASE 0 FREELISTS 1 FREELIST GROUPS 1
  BUFFER_POOL DEFAULT FLASH_CACHE DEFAULT CELL_FLASH_CACHE DEFAULT)
  TABLESPACE "USERS" ;
--------------------------------------------------------
--  DDL for Table GRUPY_PRODUKTOW
--------------------------------------------------------

  CREATE TABLE "IE88219LK"."GRUPY_PRODUKTOW" 
   (	"GRUPA_PROD_ID" NUMBER(5,0), 
	"NAZWA_GRUPY" VARCHAR2(40 BYTE), 
	"KATEGORIA_CENOWA" NUMBER(2,0)
   ) SEGMENT CREATION IMMEDIATE 
  PCTFREE 10 PCTUSED 40 INITRANS 1 MAXTRANS 255 
 NOCOMPRESS LOGGING
  STORAGE(INITIAL 65536 NEXT 1048576 MINEXTENTS 1 MAXEXTENTS 2147483645
  PCTINCREASE 0 FREELISTS 1 FREELIST GROUPS 1
  BUFFER_POOL DEFAULT FLASH_CACHE DEFAULT CELL_FLASH_CACHE DEFAULT)
  TABLESPACE "USERS" ;
--------------------------------------------------------
--  DDL for Table HISTORIE_ZAMOWIEN
--------------------------------------------------------

  CREATE TABLE "IE88219LK"."HISTORIE_ZAMOWIEN" 
   (	"ZAMOWIENIE_ID" NUMBER(12,0), 
	"DATA_ZAMOWIENIA" DATE, 
	"STATUS_ZAMOWIENIA" VARCHAR2(40 BYTE), 
	"WARTOSC_ZAMOWIENIA" NUMBER(7,2), 
	"KLIENCI_KLIENT_ID" NUMBER(7,0)
   ) SEGMENT CREATION IMMEDIATE 
  PCTFREE 10 PCTUSED 40 INITRANS 1 MAXTRANS 255 
 NOCOMPRESS LOGGING
  STORAGE(INITIAL 65536 NEXT 1048576 MINEXTENTS 1 MAXEXTENTS 2147483645
  PCTINCREASE 0 FREELISTS 1 FREELIST GROUPS 1
  BUFFER_POOL DEFAULT FLASH_CACHE DEFAULT CELL_FLASH_CACHE DEFAULT)
  TABLESPACE "USERS" ;
--------------------------------------------------------
--  DDL for Table KLIENCI
--------------------------------------------------------

  CREATE TABLE "IE88219LK"."KLIENCI" 
   (	"KLIENT_ID" NUMBER(7,0), 
	"IMIE" VARCHAR2(30 BYTE), 
	"NAZWISKO" VARCHAR2(30 BYTE), 
	"NR_TELEFONU" NUMBER(12,0), 
	"CZY_STALY_KLIENT" CHAR(1 BYTE)
   ) SEGMENT CREATION IMMEDIATE 
  PCTFREE 10 PCTUSED 40 INITRANS 1 MAXTRANS 255 
 NOCOMPRESS LOGGING
  STORAGE(INITIAL 65536 NEXT 1048576 MINEXTENTS 1 MAXEXTENTS 2147483645
  PCTINCREASE 0 FREELISTS 1 FREELIST GROUPS 1
  BUFFER_POOL DEFAULT FLASH_CACHE DEFAULT CELL_FLASH_CACHE DEFAULT)
  TABLESPACE "USERS" ;
--------------------------------------------------------
--  DDL for Table KTGIE_SPRZETU
--------------------------------------------------------

  CREATE TABLE "IE88219LK"."KTGIE_SPRZETU" 
   (	"KTG_ID" NUMBER(4,0), 
	"RODZAJ_SPRZETU" VARCHAR2(40 BYTE), 
	"ILOSC_OSOB" NUMBER(2,0)
   ) SEGMENT CREATION IMMEDIATE 
  PCTFREE 10 PCTUSED 40 INITRANS 1 MAXTRANS 255 
 NOCOMPRESS LOGGING
  STORAGE(INITIAL 65536 NEXT 1048576 MINEXTENTS 1 MAXEXTENTS 2147483645
  PCTINCREASE 0 FREELISTS 1 FREELIST GROUPS 1
  BUFFER_POOL DEFAULT FLASH_CACHE DEFAULT CELL_FLASH_CACHE DEFAULT)
  TABLESPACE "USERS" ;
--------------------------------------------------------
--  DDL for Table PRACOWNICY
--------------------------------------------------------

  CREATE TABLE "IE88219LK"."PRACOWNICY" 
   (	"PRAC_ID" NUMBER(5,0), 
	"DATA_ZATRUDNIENIA" DATE, 
	"PENSJA" NUMBER(7,2), 
	"DODATEK" NUMBER(5,2), 
	"IMIE" VARCHAR2(30 BYTE), 
	"NAZWISKO" VARCHAR2(40 BYTE), 
	"e-mail" VARCHAR2(40 BYTE)
   ) SEGMENT CREATION IMMEDIATE 
  PCTFREE 10 PCTUSED 40 INITRANS 1 MAXTRANS 255 
 NOCOMPRESS LOGGING
  STORAGE(INITIAL 65536 NEXT 1048576 MINEXTENTS 1 MAXEXTENTS 2147483645
  PCTINCREASE 0 FREELISTS 1 FREELIST GROUPS 1
  BUFFER_POOL DEFAULT FLASH_CACHE DEFAULT CELL_FLASH_CACHE DEFAULT)
  TABLESPACE "USERS" ;
--------------------------------------------------------
--  DDL for Table PRODUKTY
--------------------------------------------------------

  CREATE TABLE "IE88219LK"."PRODUKTY" 
   (	"PRODUKT_ID" NUMBER(7,0), 
	"PRODUCENT" VARCHAR2(40 BYTE), 
	"NAZWA" VARCHAR2(40 BYTE), 
	"CENA" NUMBER(7,2), 
	"OPIS" VARCHAR2(40 BYTE), 
	"STAN_MAGAZYNOWY" NUMBER(7,0), 
	"GRUPY_PRODUKTOW_GRUPA_PROD_ID" NUMBER(5,0), 
	"UMOWY_DOSTAWY_UMOWA_DOSTAWY_ID" NUMBER(9,0)
   ) SEGMENT CREATION IMMEDIATE 
  PCTFREE 10 PCTUSED 40 INITRANS 1 MAXTRANS 255 
 NOCOMPRESS LOGGING
  STORAGE(INITIAL 65536 NEXT 1048576 MINEXTENTS 1 MAXEXTENTS 2147483645
  PCTINCREASE 0 FREELISTS 1 FREELIST GROUPS 1
  BUFFER_POOL DEFAULT FLASH_CACHE DEFAULT CELL_FLASH_CACHE DEFAULT)
  TABLESPACE "USERS" ;
--------------------------------------------------------
--  DDL for Table RELATION_20
--------------------------------------------------------

  CREATE TABLE "IE88219LK"."RELATION_20" 
   (	"PRODUKTY_PRODUKT_ID" NUMBER(7,0), 
	"FAKTURY_FAKTURA_ID" NUMBER(12,0)
   ) SEGMENT CREATION DEFERRED 
  PCTFREE 10 PCTUSED 40 INITRANS 1 MAXTRANS 255 
 NOCOMPRESS LOGGING
  TABLESPACE "USERS" ;
--------------------------------------------------------
--  DDL for Table SP_WYPOZYCZ
--------------------------------------------------------

  CREATE TABLE "IE88219LK"."SP_WYPOZYCZ" 
   (	"SPRZET_ID" NUMBER(7,0), 
	"DOSTEPNOSC" CHAR(1 BYTE), 
	"KOLOR" VARCHAR2(30 BYTE), 
	"DATA_PRODUKCJI" DATE, 
	"UMOW_WYPOZ_WYPOZ_ID" NUMBER(12,0), 
	"KTGIE_SPRZETU_KTG_ID" NUMBER(4,0)
   ) SEGMENT CREATION IMMEDIATE 
  PCTFREE 10 PCTUSED 40 INITRANS 1 MAXTRANS 255 
 NOCOMPRESS LOGGING
  STORAGE(INITIAL 65536 NEXT 1048576 MINEXTENTS 1 MAXEXTENTS 2147483645
  PCTINCREASE 0 FREELISTS 1 FREELIST GROUPS 1
  BUFFER_POOL DEFAULT FLASH_CACHE DEFAULT CELL_FLASH_CACHE DEFAULT)
  TABLESPACE "USERS" ;
--------------------------------------------------------
--  DDL for Table UMOW_WYPOZ
--------------------------------------------------------

  CREATE TABLE "IE88219LK"."UMOW_WYPOZ" 
   (	"WYPOZ_ID" NUMBER(12,0), 
	"POCZ_WYPOZYCZENIA" DATE, 
	"CZAS_WYPOZYCZENIA" NUMBER(3,2), 
	"KWOTA" NUMBER(5,2), 
	"KLIENCI_KLIENT_ID" NUMBER(7,0), 
	"PRACOWNICY_PRAC_ID" NUMBER(5,0)
   ) SEGMENT CREATION IMMEDIATE 
  PCTFREE 10 PCTUSED 40 INITRANS 1 MAXTRANS 255 
 NOCOMPRESS LOGGING
  STORAGE(INITIAL 65536 NEXT 1048576 MINEXTENTS 1 MAXEXTENTS 2147483645
  PCTINCREASE 0 FREELISTS 1 FREELIST GROUPS 1
  BUFFER_POOL DEFAULT FLASH_CACHE DEFAULT CELL_FLASH_CACHE DEFAULT)
  TABLESPACE "USERS" ;
--------------------------------------------------------
--  DDL for Table UMOWY_DOSTAWY
--------------------------------------------------------

  CREATE TABLE "IE88219LK"."UMOWY_DOSTAWY" 
   (	"UMOWA_DOSTAWY_ID" NUMBER(9,0), 
	"KWOTA_ZAMOWIENIA" NUMBER(12,2), 
	"STATUS_REALIZACJI" VARCHAR2(30 BYTE), 
	"PRACOWNICY_PRAC_ID" NUMBER(5,0), 
	"DOSTAWCY_DOSTAWCA_ID" NUMBER(7,0)
   ) SEGMENT CREATION IMMEDIATE 
  PCTFREE 10 PCTUSED 40 INITRANS 1 MAXTRANS 255 
 NOCOMPRESS LOGGING
  STORAGE(INITIAL 65536 NEXT 1048576 MINEXTENTS 1 MAXEXTENTS 2147483645
  PCTINCREASE 0 FREELISTS 1 FREELIST GROUPS 1
  BUFFER_POOL DEFAULT FLASH_CACHE DEFAULT CELL_FLASH_CACHE DEFAULT)
  TABLESPACE "USERS" ;
--------------------------------------------------------
--  DDL for View V1
--------------------------------------------------------

  CREATE OR REPLACE FORCE EDITIONABLE VIEW "IE88219LK"."V1" ("NAZWA_DOSTAWCY", "LACZNA_KWOTA_ZAMOWIEN") AS 
  SELECT 
    dostawcy.nazwa AS nazwa_dostawcy,
    SUM(umowy_dostawy.kwota_zamowienia) AS laczna_kwota_zamowien
FROM 
    umowy_dostawy
JOIN 
    dostawcy ON umowy_dostawy.dostawcy_dostawca_id = dostawcy.dostawca_id
GROUP BY 
    dostawcy.nazwa
ORDER BY 
    laczna_kwota_zamowien DESC
WITH  READ ONLY
;
--------------------------------------------------------
--  DDL for View V2
--------------------------------------------------------

  CREATE OR REPLACE FORCE EDITIONABLE VIEW "IE88219LK"."V2" ("PRAC_ID", "DATA_ZATRUDNIENIA", "PENSJA", "DODATEK", "IMIE", "NAZWISKO", "e-mail") AS 
  SELECT "PRAC_ID","DATA_ZATRUDNIENIA","PENSJA","DODATEK","IMIE","NAZWISKO","e-mail" 
from pracownicy 
where pensja+NVL(dodatek,0) > (SELECT AVG(pensja+ NVL(dodatek,0)) from pracownicy)
WITH READ ONLY
;
--------------------------------------------------------
--  DDL for View V3
--------------------------------------------------------

  CREATE OR REPLACE FORCE EDITIONABLE VIEW "IE88219LK"."V3" ("WYPOZ_ID", "POCZ_WYPOZYCZENIA", "KLIENT", "PRACOWNIK", "DATA_PRODUKCJI_SPRZETU", "ILU_OSOBOWY") AS 
  SELECT 
    umow_wypoz.wypoz_id,
    umow_wypoz.pocz_wypozyczenia,
    klienci.imie || ' ' || klienci.nazwisko as klient,
    pracownicy.imie || ' ' || pracownicy.nazwisko as pracownik,
    TO_CHAR(sp_wypozycz.data_produkcji, 'DD-Mon-YYYY',
    'nls_date_language = Polish')as data_produkcji_sprzetu,
    ktgie_sprzetu.ilosc_osob as ilu_osobowy
FROM 
    umow_wypoz
JOIN 
    klienci ON umow_wypoz.klienci_klient_id = klienci.klient_id
JOIN 
    pracownicy ON umow_wypoz.pracownicy_prac_id = pracownicy.prac_id
JOIN
    sp_wypozycz ON sp_wypozycz.umow_wypoz_wypoz_id = umow_wypoz.wypoz_id
JOIN
    ktgie_sprzetu ON ktgie_sprzetu.ktg_id = sp_wypozycz.ktgie_sprzetu_ktg_id
WHERE 
    klienci.klient_id IN (
        SELECT klienci_klient_id FROM historie_zamowien WHERE historie_zamowien.status_zamowienia ='Zrealizowane'
    )
WITH READ ONLY
;
--------------------------------------------------------
--  DDL for View V4
--------------------------------------------------------

  CREATE OR REPLACE FORCE EDITIONABLE VIEW "IE88219LK"."V4" ("IMIE", "NAZWISKO", "PRZEPRACOWNE_DNI", "PRZEPRACOWANE_MIESIECY", "PRZEPRACOWANE_LATA") AS 
  SELECT 
    imie, 
    nazwisko, 
    FLOOR(SYSDATE -data_zatrudnienia) AS przepracowne_dni,
    FLOOR(MONTHS_BETWEEN(SYSDATE, data_zatrudnienia)) AS przepracowane_miesiecy,
    FLOOR(MONTHS_BETWEEN(SYSDATE, data_zatrudnienia) / 12) AS przepracowane_lata  
FROM pracownicy
WITH READ ONLY
;
--------------------------------------------------------
--  DDL for View V5
--------------------------------------------------------

  CREATE OR REPLACE FORCE EDITIONABLE VIEW "IE88219LK"."V5" ("KLIENT_ID", "IMIE_I_NAZWISKO_KLIENTA", "LICZBA_ZAMOWIEN", "SUMA_ZAMOWIEN") AS 
  SELECT 
    klienci.klient_id,
    SUBSTR(klienci.imie, 1,1) ||'. ' || klienci.nazwisko AS imie_i_nazwisko_klienta,
    COUNT(historie_zamowien.zamowienie_id) AS liczba_zamowien,
    SUM(historie_zamowien.wartosc_zamowienia) AS suma_zamowien
FROM 
    klienci
JOIN 
    historie_zamowien ON klienci.klient_id = historie_zamowien.klienci_klient_id
GROUP BY 
    klienci.klient_id, klienci.imie, klienci.nazwisko
ORDER BY 
    suma_zamowien DESC
WITH READ ONLY
;
--------------------------------------------------------
--  DDL for View V6
--------------------------------------------------------

  CREATE OR REPLACE FORCE EDITIONABLE VIEW "IE88219LK"."V6" ("PRODUKT_ID", "PRODUCENT", "NAZWA", "NAZWA_GRUPY") AS 
  SELECT produkt_id, producent, nazwa, grupy_produktow.nazwa_grupy
FROM produkty
JOIN grupy_produktow ON grupy_produktow.grupa_prod_id = produkty.grupy_produktow_grupa_prod_id
WHERE cena > (SELECT cena
                FROM produkty
                WHERE nazwa = 'wedka super ')
WITH READ ONLY
;
--------------------------------------------------------
--  DDL for View V7
--------------------------------------------------------

  CREATE OR REPLACE FORCE EDITIONABLE VIEW "IE88219LK"."V7" ("SPRZET_ID", "KOLOR", "ILOSC_OSOB") AS 
  SELECT s.sprzet_id, s.kolor, k.ilosc_osob
FROM sp_wypozycz s
JOIN (SELECT ktg_id, rodzaj_sprzetu, ilosc_osob FROM ktgie_sprzetu WHERE ilosc_osob >= 2)  k
ON k.ktg_id = s.ktgie_sprzetu_ktg_id
WITH READ ONLY
;
--------------------------------------------------------
--  DDL for View V8
--------------------------------------------------------

  CREATE OR REPLACE FORCE EDITIONABLE VIEW "IE88219LK"."V8" ("KTO_DOSTARCZA_WEDKI") AS 
  SELECT d.nazwa as Kto_dostarcza_wedki from dostawcy d
JOIN umowy_dostawy um on um.dostawcy_dostawca_id=d.dostawca_id
JOIN produkty p on p.UMOWY_DOSTAWY_UMOWA_DOSTAWY_ID=um.umowa_dostawy_id
WHERE INSTR(p.nazwa,'wedka')>0
WITH READ ONLY
;
REM INSERTING into IE88219LK.DOSTAWCY
SET DEFINE OFF;
Insert into IE88219LK.DOSTAWCY (DOSTAWCA_ID,NAZWA,NIP,NR_TELEFONU,"e-mail") values ('15','RybyPol','111111111111','543987654','rybypol@rybypol.pl');
Insert into IE88219LK.DOSTAWCY (DOSTAWCA_ID,NAZWA,NIP,NR_TELEFONU,"e-mail") values ('16','ZanetyPol','222222222222','685983853','kontakt@zanetypol.pl');
Insert into IE88219LK.DOSTAWCY (DOSTAWCA_ID,NAZWA,NIP,NR_TELEFONU,"e-mail") values ('17','WszystkoDlaRybaka','333333333333','386947594','kontakt@wszystkodlarybaka.pl');
Insert into IE88219LK.DOSTAWCY (DOSTAWCA_ID,NAZWA,NIP,NR_TELEFONU,"e-mail") values ('18','SupyPolskie','444444444444','490765239','kontakt@supypolskie.com');
Insert into IE88219LK.DOSTAWCY (DOSTAWCA_ID,NAZWA,NIP,NR_TELEFONU,"e-mail") values ('19','WedkiDlaCiebie','555555555','358940594','biuro@wedkidlaciebie.pl');
REM INSERTING into IE88219LK.FAKTURY
SET DEFINE OFF;
Insert into IE88219LK.FAKTURY (FAKTURA_ID,KWOTA,CZY_NA_FIRME,PRACOWNICY_PRAC_ID,KLIENCI_KLIENT_ID) values ('1','7482','T','1','20');
Insert into IE88219LK.FAKTURY (FAKTURA_ID,KWOTA,CZY_NA_FIRME,PRACOWNICY_PRAC_ID,KLIENCI_KLIENT_ID) values ('2','412','F','3','30');
Insert into IE88219LK.FAKTURY (FAKTURA_ID,KWOTA,CZY_NA_FIRME,PRACOWNICY_PRAC_ID,KLIENCI_KLIENT_ID) values ('3','51','T','2','10');
Insert into IE88219LK.FAKTURY (FAKTURA_ID,KWOTA,CZY_NA_FIRME,PRACOWNICY_PRAC_ID,KLIENCI_KLIENT_ID) values ('4','421','F','4','50');
Insert into IE88219LK.FAKTURY (FAKTURA_ID,KWOTA,CZY_NA_FIRME,PRACOWNICY_PRAC_ID,KLIENCI_KLIENT_ID) values ('5','5675','T','1','30');
REM INSERTING into IE88219LK.GRUPY_PRODUKTOW
SET DEFINE OFF;
Insert into IE88219LK.GRUPY_PRODUKTOW (GRUPA_PROD_ID,NAZWA_GRUPY,KATEGORIA_CENOWA) values ('1','wedki','5');
Insert into IE88219LK.GRUPY_PRODUKTOW (GRUPA_PROD_ID,NAZWA_GRUPY,KATEGORIA_CENOWA) values ('2','zanety','2');
Insert into IE88219LK.GRUPY_PRODUKTOW (GRUPA_PROD_ID,NAZWA_GRUPY,KATEGORIA_CENOWA) values ('3','haczyki','1');
Insert into IE88219LK.GRUPY_PRODUKTOW (GRUPA_PROD_ID,NAZWA_GRUPY,KATEGORIA_CENOWA) values ('4','linki','2');
Insert into IE88219LK.GRUPY_PRODUKTOW (GRUPA_PROD_ID,NAZWA_GRUPY,KATEGORIA_CENOWA) values ('5','podbieraki','3');
Insert into IE88219LK.GRUPY_PRODUKTOW (GRUPA_PROD_ID,NAZWA_GRUPY,KATEGORIA_CENOWA) values ('6','kolowrotki','4');
REM INSERTING into IE88219LK.HISTORIE_ZAMOWIEN
SET DEFINE OFF;
Insert into IE88219LK.HISTORIE_ZAMOWIEN (ZAMOWIENIE_ID,DATA_ZAMOWIENIA,STATUS_ZAMOWIENIA,WARTOSC_ZAMOWIENIA,KLIENCI_KLIENT_ID) values ('1',to_date('16/01/01','RR/MM/DD'),'Zrealizowane','432,45','10');
Insert into IE88219LK.HISTORIE_ZAMOWIEN (ZAMOWIENIE_ID,DATA_ZAMOWIENIA,STATUS_ZAMOWIENIA,WARTOSC_ZAMOWIENIA,KLIENCI_KLIENT_ID) values ('2',to_date('19/07/08','RR/MM/DD'),'Zrealizowane','190,5','20');
Insert into IE88219LK.HISTORIE_ZAMOWIEN (ZAMOWIENIE_ID,DATA_ZAMOWIENIA,STATUS_ZAMOWIENIA,WARTOSC_ZAMOWIENIA,KLIENCI_KLIENT_ID) values ('3',to_date('22/10/03','RR/MM/DD'),'Zrealizowane','234,98','30');
Insert into IE88219LK.HISTORIE_ZAMOWIEN (ZAMOWIENIE_ID,DATA_ZAMOWIENIA,STATUS_ZAMOWIENIA,WARTOSC_ZAMOWIENIA,KLIENCI_KLIENT_ID) values ('4',to_date('23/03/02','RR/MM/DD'),'Anulowane','89,99','40');
Insert into IE88219LK.HISTORIE_ZAMOWIEN (ZAMOWIENIE_ID,DATA_ZAMOWIENIA,STATUS_ZAMOWIENIA,WARTOSC_ZAMOWIENIA,KLIENCI_KLIENT_ID) values ('5',to_date('24/11/10','RR/MM/DD'),'W trakcie realizacji','139,99','50');
REM INSERTING into IE88219LK.KLIENCI
SET DEFINE OFF;
Insert into IE88219LK.KLIENCI (KLIENT_ID,IMIE,NAZWISKO,NR_TELEFONU,CZY_STALY_KLIENT) values ('10','Marek','Sandacz','398458800','T');
Insert into IE88219LK.KLIENCI (KLIENT_ID,IMIE,NAZWISKO,NR_TELEFONU,CZY_STALY_KLIENT) values ('20','Radoslaw','Karp','397307428','T');
Insert into IE88219LK.KLIENCI (KLIENT_ID,IMIE,NAZWISKO,NR_TELEFONU,CZY_STALY_KLIENT) values ('30','Euzebiusz','Miruna','457790800','F');
Insert into IE88219LK.KLIENCI (KLIENT_ID,IMIE,NAZWISKO,NR_TELEFONU,CZY_STALY_KLIENT) values ('40','Miroslaw','Karas','118458840','T');
Insert into IE88219LK.KLIENCI (KLIENT_ID,IMIE,NAZWISKO,NR_TELEFONU,CZY_STALY_KLIENT) values ('50','Tomasz','Wegorz','318118830','F');
REM INSERTING into IE88219LK.KTGIE_SPRZETU
SET DEFINE OFF;
Insert into IE88219LK.KTGIE_SPRZETU (KTG_ID,RODZAJ_SPRZETU,ILOSC_OSOB) values ('100','lodka','4');
Insert into IE88219LK.KTGIE_SPRZETU (KTG_ID,RODZAJ_SPRZETU,ILOSC_OSOB) values ('200','kajak','2');
Insert into IE88219LK.KTGIE_SPRZETU (KTG_ID,RODZAJ_SPRZETU,ILOSC_OSOB) values ('300','rower wodny','4');
Insert into IE88219LK.KTGIE_SPRZETU (KTG_ID,RODZAJ_SPRZETU,ILOSC_OSOB) values ('400','kapok','1');
Insert into IE88219LK.KTGIE_SPRZETU (KTG_ID,RODZAJ_SPRZETU,ILOSC_OSOB) values ('500','deska sup','1');
REM INSERTING into IE88219LK.PRACOWNICY
SET DEFINE OFF;
Insert into IE88219LK.PRACOWNICY (PRAC_ID,DATA_ZATRUDNIENIA,PENSJA,DODATEK,IMIE,NAZWISKO,"e-mail") values ('1',to_date('10/04/08','RR/MM/DD'),'5000','400','Andrzej','Sprzedawiecki','a.sprzedawiecki@wedkarztoty.pl');
Insert into IE88219LK.PRACOWNICY (PRAC_ID,DATA_ZATRUDNIENIA,PENSJA,DODATEK,IMIE,NAZWISKO,"e-mail") values ('2',to_date('13/10/09','RR/MM/DD'),'7000','900','Radoslaw','Wedkarski','r.wedkarski@wedkarztoty.pl');
Insert into IE88219LK.PRACOWNICY (PRAC_ID,DATA_ZATRUDNIENIA,PENSJA,DODATEK,IMIE,NAZWISKO,"e-mail") values ('3',to_date('19/04/04','RR/MM/DD'),'12000','250','Euzebiusz','Pracowniczy','e.pracowniczy@wedkarztoty.pl');
Insert into IE88219LK.PRACOWNICY (PRAC_ID,DATA_ZATRUDNIENIA,PENSJA,DODATEK,IMIE,NAZWISKO,"e-mail") values ('4',to_date('20/07/12','RR/MM/DD'),'5000',null,'Arkadiusz','Lodzianin','a.lodzianin@wedkarztoty.pl');
Insert into IE88219LK.PRACOWNICY (PRAC_ID,DATA_ZATRUDNIENIA,PENSJA,DODATEK,IMIE,NAZWISKO,"e-mail") values ('5',to_date('21/03/11','RR/MM/DD'),'4600',null,'Kuba','Jablkowski','k.jablkowski@wedkarztoty.pl');
REM INSERTING into IE88219LK.PRODUKTY
SET DEFINE OFF;
Insert into IE88219LK.PRODUKTY (PRODUKT_ID,PRODUCENT,NAZWA,CENA,OPIS,STAN_MAGAZYNOWY,GRUPY_PRODUKTOW_GRUPA_PROD_ID,UMOWY_DOSTAWY_UMOWA_DOSTAWY_ID) values ('1','Jaxon','wedka super ','200','dobry wybor na karpia','15','1','1');
Insert into IE88219LK.PRODUKTY (PRODUKT_ID,PRODUCENT,NAZWA,CENA,OPIS,STAN_MAGAZYNOWY,GRUPY_PRODUKTOW_GRUPA_PROD_ID,UMOWY_DOSTAWY_UMOWA_DOSTAWY_ID) values ('2','Kamatsu','kolowrotek piorun','250','wytrzymaly i w uczciwej cenie','21','6','2');
Insert into IE88219LK.PRODUKTY (PRODUKT_ID,PRODUCENT,NAZWA,CENA,OPIS,STAN_MAGAZYNOWY,GRUPY_PRODUKTOW_GRUPA_PROD_ID,UMOWY_DOSTAWY_UMOWA_DOSTAWY_ID) values ('3','Konger','linka karpiowa 4 mm','15','polecam - Hubert Dalmata','33','4','3');
Insert into IE88219LK.PRODUKTY (PRODUKT_ID,PRODUCENT,NAZWA,CENA,OPIS,STAN_MAGAZYNOWY,GRUPY_PRODUKTOW_GRUPA_PROD_ID,UMOWY_DOSTAWY_UMOWA_DOSTAWY_ID) values ('4','Fisker','podbierak medium','95','na dorodne sztuki','50','5','4');
Insert into IE88219LK.PRODUKTY (PRODUKT_ID,PRODUCENT,NAZWA,CENA,OPIS,STAN_MAGAZYNOWY,GRUPY_PRODUKTOW_GRUPA_PROD_ID,UMOWY_DOSTAWY_UMOWA_DOSTAWY_ID) values ('5','Dam','podbierak mini','45','poreczny','15','5','5');
REM INSERTING into IE88219LK.RELATION_20
SET DEFINE OFF;
REM INSERTING into IE88219LK.SP_WYPOZYCZ
SET DEFINE OFF;
Insert into IE88219LK.SP_WYPOZYCZ (SPRZET_ID,DOSTEPNOSC,KOLOR,DATA_PRODUKCJI,UMOW_WYPOZ_WYPOZ_ID,KTGIE_SPRZETU_KTG_ID) values ('12','T','czerwony',to_date('09/08/01','RR/MM/DD'),'5','400');
Insert into IE88219LK.SP_WYPOZYCZ (SPRZET_ID,DOSTEPNOSC,KOLOR,DATA_PRODUKCJI,UMOW_WYPOZ_WYPOZ_ID,KTGIE_SPRZETU_KTG_ID) values ('13','T','srebrny',to_date('10/04/06','RR/MM/DD'),'4','300');
Insert into IE88219LK.SP_WYPOZYCZ (SPRZET_ID,DOSTEPNOSC,KOLOR,DATA_PRODUKCJI,UMOW_WYPOZ_WYPOZ_ID,KTGIE_SPRZETU_KTG_ID) values ('14','T','czarny',to_date('11/01/08','RR/MM/DD'),'3','200');
Insert into IE88219LK.SP_WYPOZYCZ (SPRZET_ID,DOSTEPNOSC,KOLOR,DATA_PRODUKCJI,UMOW_WYPOZ_WYPOZ_ID,KTGIE_SPRZETU_KTG_ID) values ('15','T','zielony',to_date('17/12/12','RR/MM/DD'),'2','100');
Insert into IE88219LK.SP_WYPOZYCZ (SPRZET_ID,DOSTEPNOSC,KOLOR,DATA_PRODUKCJI,UMOW_WYPOZ_WYPOZ_ID,KTGIE_SPRZETU_KTG_ID) values ('16','T','morski',to_date('18/04/08','RR/MM/DD'),'1','500');
REM INSERTING into IE88219LK.UMOW_WYPOZ
SET DEFINE OFF;
Insert into IE88219LK.UMOW_WYPOZ (WYPOZ_ID,POCZ_WYPOZYCZENIA,CZAS_WYPOZYCZENIA,KWOTA,KLIENCI_KLIENT_ID,PRACOWNICY_PRAC_ID) values ('1',to_date('25/01/01','RR/MM/DD'),'2,5','50','10','1');
Insert into IE88219LK.UMOW_WYPOZ (WYPOZ_ID,POCZ_WYPOZYCZENIA,CZAS_WYPOZYCZENIA,KWOTA,KLIENCI_KLIENT_ID,PRACOWNICY_PRAC_ID) values ('2',to_date('25/01/04','RR/MM/DD'),'1','20','20','2');
Insert into IE88219LK.UMOW_WYPOZ (WYPOZ_ID,POCZ_WYPOZYCZENIA,CZAS_WYPOZYCZENIA,KWOTA,KLIENCI_KLIENT_ID,PRACOWNICY_PRAC_ID) values ('3',to_date('25/01/07','RR/MM/DD'),'8','100','30','1');
Insert into IE88219LK.UMOW_WYPOZ (WYPOZ_ID,POCZ_WYPOZYCZENIA,CZAS_WYPOZYCZENIA,KWOTA,KLIENCI_KLIENT_ID,PRACOWNICY_PRAC_ID) values ('4',to_date('25/01/09','RR/MM/DD'),'1,5','60','40','5');
Insert into IE88219LK.UMOW_WYPOZ (WYPOZ_ID,POCZ_WYPOZYCZENIA,CZAS_WYPOZYCZENIA,KWOTA,KLIENCI_KLIENT_ID,PRACOWNICY_PRAC_ID) values ('5',to_date('24/12/12','RR/MM/DD'),'1,5','30','50','2');
REM INSERTING into IE88219LK.UMOWY_DOSTAWY
SET DEFINE OFF;
Insert into IE88219LK.UMOWY_DOSTAWY (UMOWA_DOSTAWY_ID,KWOTA_ZAMOWIENIA,STATUS_REALIZACJI,PRACOWNICY_PRAC_ID,DOSTAWCY_DOSTAWCA_ID) values ('1','400,45','Zrealizowane','1','15');
Insert into IE88219LK.UMOWY_DOSTAWY (UMOWA_DOSTAWY_ID,KWOTA_ZAMOWIENIA,STATUS_REALIZACJI,PRACOWNICY_PRAC_ID,DOSTAWCY_DOSTAWCA_ID) values ('2','2000,5','Zrealizowane','2','16');
Insert into IE88219LK.UMOWY_DOSTAWY (UMOWA_DOSTAWY_ID,KWOTA_ZAMOWIENIA,STATUS_REALIZACJI,PRACOWNICY_PRAC_ID,DOSTAWCY_DOSTAWCA_ID) values ('3','680,98','Zrealizowane','3','18');
Insert into IE88219LK.UMOWY_DOSTAWY (UMOWA_DOSTAWY_ID,KWOTA_ZAMOWIENIA,STATUS_REALIZACJI,PRACOWNICY_PRAC_ID,DOSTAWCY_DOSTAWCA_ID) values ('4','500,99','W trakcie realizacji','4','17');
Insert into IE88219LK.UMOWY_DOSTAWY (UMOWA_DOSTAWY_ID,KWOTA_ZAMOWIENIA,STATUS_REALIZACJI,PRACOWNICY_PRAC_ID,DOSTAWCY_DOSTAWCA_ID) values ('5','5900,99','W trakcie realizacji','5','19');
REM INSERTING into IE88219LK.V1
SET DEFINE OFF;
Insert into IE88219LK.V1 (NAZWA_DOSTAWCY,LACZNA_KWOTA_ZAMOWIEN) values ('WedkiDlaCiebie','5900,99');
Insert into IE88219LK.V1 (NAZWA_DOSTAWCY,LACZNA_KWOTA_ZAMOWIEN) values ('ZanetyPol','2000,5');
Insert into IE88219LK.V1 (NAZWA_DOSTAWCY,LACZNA_KWOTA_ZAMOWIEN) values ('SupyPolskie','680,98');
Insert into IE88219LK.V1 (NAZWA_DOSTAWCY,LACZNA_KWOTA_ZAMOWIEN) values ('WszystkoDlaRybaka','500,99');
Insert into IE88219LK.V1 (NAZWA_DOSTAWCY,LACZNA_KWOTA_ZAMOWIEN) values ('RybyPol','400,45');
REM INSERTING into IE88219LK.V2
SET DEFINE OFF;
Insert into IE88219LK.V2 (PRAC_ID,DATA_ZATRUDNIENIA,PENSJA,DODATEK,IMIE,NAZWISKO,"e-mail") values ('2',to_date('13/10/09','RR/MM/DD'),'7000','900','Radoslaw','Wedkarski','r.wedkarski@wedkarztoty.pl');
Insert into IE88219LK.V2 (PRAC_ID,DATA_ZATRUDNIENIA,PENSJA,DODATEK,IMIE,NAZWISKO,"e-mail") values ('3',to_date('19/04/04','RR/MM/DD'),'12000','250','Euzebiusz','Pracowniczy','e.pracowniczy@wedkarztoty.pl');
REM INSERTING into IE88219LK.V3
SET DEFINE OFF;
Insert into IE88219LK.V3 (WYPOZ_ID,POCZ_WYPOZYCZENIA,KLIENT,PRACOWNIK,DATA_PRODUKCJI_SPRZETU,ILU_OSOBOWY) values ('3',to_date('25/01/07','RR/MM/DD'),'Euzebiusz Miruna','Andrzej Sprzedawiecki','08-Sty-2011','2');
Insert into IE88219LK.V3 (WYPOZ_ID,POCZ_WYPOZYCZENIA,KLIENT,PRACOWNIK,DATA_PRODUKCJI_SPRZETU,ILU_OSOBOWY) values ('2',to_date('25/01/04','RR/MM/DD'),'Radoslaw Karp','Radoslaw Wedkarski','12-Gru-2017','4');
Insert into IE88219LK.V3 (WYPOZ_ID,POCZ_WYPOZYCZENIA,KLIENT,PRACOWNIK,DATA_PRODUKCJI_SPRZETU,ILU_OSOBOWY) values ('1',to_date('25/01/01','RR/MM/DD'),'Marek Sandacz','Andrzej Sprzedawiecki','08-Kwi-2018','1');
REM INSERTING into IE88219LK.V4
SET DEFINE OFF;
Insert into IE88219LK.V4 (IMIE,NAZWISKO,PRZEPRACOWNE_DNI,PRZEPRACOWANE_MIESIECY,PRZEPRACOWANE_LATA) values ('Andrzej','Sprzedawiecki','5404','177','14');
Insert into IE88219LK.V4 (IMIE,NAZWISKO,PRZEPRACOWNE_DNI,PRZEPRACOWANE_MIESIECY,PRZEPRACOWANE_LATA) values ('Radoslaw','Wedkarski','4124','135','11');
Insert into IE88219LK.V4 (IMIE,NAZWISKO,PRZEPRACOWNE_DNI,PRZEPRACOWANE_MIESIECY,PRZEPRACOWANE_LATA) values ('Euzebiusz','Pracowniczy','2121','69','5');
Insert into IE88219LK.V4 (IMIE,NAZWISKO,PRZEPRACOWNE_DNI,PRZEPRACOWANE_MIESIECY,PRZEPRACOWANE_LATA) values ('Arkadiusz','Lodzianin','1656','54','4');
Insert into IE88219LK.V4 (IMIE,NAZWISKO,PRZEPRACOWNE_DNI,PRZEPRACOWANE_MIESIECY,PRZEPRACOWANE_LATA) values ('Kuba','Jablkowski','1414','46','3');
REM INSERTING into IE88219LK.V5
SET DEFINE OFF;
Insert into IE88219LK.V5 (KLIENT_ID,IMIE_I_NAZWISKO_KLIENTA,LICZBA_ZAMOWIEN,SUMA_ZAMOWIEN) values ('10','M. Sandacz','1','432,45');
Insert into IE88219LK.V5 (KLIENT_ID,IMIE_I_NAZWISKO_KLIENTA,LICZBA_ZAMOWIEN,SUMA_ZAMOWIEN) values ('30','E. Miruna','1','234,98');
Insert into IE88219LK.V5 (KLIENT_ID,IMIE_I_NAZWISKO_KLIENTA,LICZBA_ZAMOWIEN,SUMA_ZAMOWIEN) values ('20','R. Karp','1','190,5');
Insert into IE88219LK.V5 (KLIENT_ID,IMIE_I_NAZWISKO_KLIENTA,LICZBA_ZAMOWIEN,SUMA_ZAMOWIEN) values ('50','T. Wegorz','1','139,99');
Insert into IE88219LK.V5 (KLIENT_ID,IMIE_I_NAZWISKO_KLIENTA,LICZBA_ZAMOWIEN,SUMA_ZAMOWIEN) values ('40','M. Karas','1','89,99');
REM INSERTING into IE88219LK.V6
SET DEFINE OFF;
Insert into IE88219LK.V6 (PRODUKT_ID,PRODUCENT,NAZWA,NAZWA_GRUPY) values ('2','Kamatsu','kolowrotek piorun','kolowrotki');
REM INSERTING into IE88219LK.V7
SET DEFINE OFF;
Insert into IE88219LK.V7 (SPRZET_ID,KOLOR,ILOSC_OSOB) values ('13','srebrny','4');
Insert into IE88219LK.V7 (SPRZET_ID,KOLOR,ILOSC_OSOB) values ('14','czarny','2');
Insert into IE88219LK.V7 (SPRZET_ID,KOLOR,ILOSC_OSOB) values ('15','zielony','4');
REM INSERTING into IE88219LK.V8
SET DEFINE OFF;
Insert into IE88219LK.V8 (KTO_DOSTARCZA_WEDKI) values ('RybyPol');
--------------------------------------------------------
--  DDL for Index DOSTAWCY_PK
--------------------------------------------------------

  CREATE UNIQUE INDEX "IE88219LK"."DOSTAWCY_PK" ON "IE88219LK"."DOSTAWCY" ("DOSTAWCA_ID") 
  PCTFREE 10 INITRANS 2 MAXTRANS 255 COMPUTE STATISTICS 
  STORAGE(INITIAL 65536 NEXT 1048576 MINEXTENTS 1 MAXEXTENTS 2147483645
  PCTINCREASE 0 FREELISTS 1 FREELIST GROUPS 1
  BUFFER_POOL DEFAULT FLASH_CACHE DEFAULT CELL_FLASH_CACHE DEFAULT)
  TABLESPACE "USERS" ;
--------------------------------------------------------
--  DDL for Index FAKTURY_PK
--------------------------------------------------------

  CREATE UNIQUE INDEX "IE88219LK"."FAKTURY_PK" ON "IE88219LK"."FAKTURY" ("FAKTURA_ID") 
  PCTFREE 10 INITRANS 2 MAXTRANS 255 COMPUTE STATISTICS 
  STORAGE(INITIAL 65536 NEXT 1048576 MINEXTENTS 1 MAXEXTENTS 2147483645
  PCTINCREASE 0 FREELISTS 1 FREELIST GROUPS 1
  BUFFER_POOL DEFAULT FLASH_CACHE DEFAULT CELL_FLASH_CACHE DEFAULT)
  TABLESPACE "USERS" ;
--------------------------------------------------------
--  DDL for Index GRUPY_PRODUKTOW_PK
--------------------------------------------------------

  CREATE UNIQUE INDEX "IE88219LK"."GRUPY_PRODUKTOW_PK" ON "IE88219LK"."GRUPY_PRODUKTOW" ("GRUPA_PROD_ID") 
  PCTFREE 10 INITRANS 2 MAXTRANS 255 COMPUTE STATISTICS 
  STORAGE(INITIAL 65536 NEXT 1048576 MINEXTENTS 1 MAXEXTENTS 2147483645
  PCTINCREASE 0 FREELISTS 1 FREELIST GROUPS 1
  BUFFER_POOL DEFAULT FLASH_CACHE DEFAULT CELL_FLASH_CACHE DEFAULT)
  TABLESPACE "USERS" ;
--------------------------------------------------------
--  DDL for Index HISTORIE_ZAMOWIEN__IDX
--------------------------------------------------------

  CREATE UNIQUE INDEX "IE88219LK"."HISTORIE_ZAMOWIEN__IDX" ON "IE88219LK"."HISTORIE_ZAMOWIEN" ("KLIENCI_KLIENT_ID") 
  PCTFREE 10 INITRANS 2 MAXTRANS 255 COMPUTE STATISTICS 
  STORAGE(INITIAL 65536 NEXT 1048576 MINEXTENTS 1 MAXEXTENTS 2147483645
  PCTINCREASE 0 FREELISTS 1 FREELIST GROUPS 1
  BUFFER_POOL DEFAULT FLASH_CACHE DEFAULT CELL_FLASH_CACHE DEFAULT)
  TABLESPACE "USERS" ;
--------------------------------------------------------
--  DDL for Index HISTORIE_ZAMOWIEN_PK
--------------------------------------------------------

  CREATE UNIQUE INDEX "IE88219LK"."HISTORIE_ZAMOWIEN_PK" ON "IE88219LK"."HISTORIE_ZAMOWIEN" ("ZAMOWIENIE_ID") 
  PCTFREE 10 INITRANS 2 MAXTRANS 255 COMPUTE STATISTICS 
  STORAGE(INITIAL 65536 NEXT 1048576 MINEXTENTS 1 MAXEXTENTS 2147483645
  PCTINCREASE 0 FREELISTS 1 FREELIST GROUPS 1
  BUFFER_POOL DEFAULT FLASH_CACHE DEFAULT CELL_FLASH_CACHE DEFAULT)
  TABLESPACE "USERS" ;
--------------------------------------------------------
--  DDL for Index KLIENCI_PK
--------------------------------------------------------

  CREATE UNIQUE INDEX "IE88219LK"."KLIENCI_PK" ON "IE88219LK"."KLIENCI" ("KLIENT_ID") 
  PCTFREE 10 INITRANS 2 MAXTRANS 255 COMPUTE STATISTICS 
  STORAGE(INITIAL 65536 NEXT 1048576 MINEXTENTS 1 MAXEXTENTS 2147483645
  PCTINCREASE 0 FREELISTS 1 FREELIST GROUPS 1
  BUFFER_POOL DEFAULT FLASH_CACHE DEFAULT CELL_FLASH_CACHE DEFAULT)
  TABLESPACE "USERS" ;
--------------------------------------------------------
--  DDL for Index KTGIE_SPRZETU_PK
--------------------------------------------------------

  CREATE UNIQUE INDEX "IE88219LK"."KTGIE_SPRZETU_PK" ON "IE88219LK"."KTGIE_SPRZETU" ("KTG_ID") 
  PCTFREE 10 INITRANS 2 MAXTRANS 255 COMPUTE STATISTICS 
  STORAGE(INITIAL 65536 NEXT 1048576 MINEXTENTS 1 MAXEXTENTS 2147483645
  PCTINCREASE 0 FREELISTS 1 FREELIST GROUPS 1
  BUFFER_POOL DEFAULT FLASH_CACHE DEFAULT CELL_FLASH_CACHE DEFAULT)
  TABLESPACE "USERS" ;
--------------------------------------------------------
--  DDL for Index PRACOWNICY_PK
--------------------------------------------------------

  CREATE UNIQUE INDEX "IE88219LK"."PRACOWNICY_PK" ON "IE88219LK"."PRACOWNICY" ("PRAC_ID") 
  PCTFREE 10 INITRANS 2 MAXTRANS 255 COMPUTE STATISTICS 
  STORAGE(INITIAL 65536 NEXT 1048576 MINEXTENTS 1 MAXEXTENTS 2147483645
  PCTINCREASE 0 FREELISTS 1 FREELIST GROUPS 1
  BUFFER_POOL DEFAULT FLASH_CACHE DEFAULT CELL_FLASH_CACHE DEFAULT)
  TABLESPACE "USERS" ;
--------------------------------------------------------
--  DDL for Index PRODUKTY_PK
--------------------------------------------------------

  CREATE UNIQUE INDEX "IE88219LK"."PRODUKTY_PK" ON "IE88219LK"."PRODUKTY" ("PRODUKT_ID") 
  PCTFREE 10 INITRANS 2 MAXTRANS 255 COMPUTE STATISTICS 
  STORAGE(INITIAL 65536 NEXT 1048576 MINEXTENTS 1 MAXEXTENTS 2147483645
  PCTINCREASE 0 FREELISTS 1 FREELIST GROUPS 1
  BUFFER_POOL DEFAULT FLASH_CACHE DEFAULT CELL_FLASH_CACHE DEFAULT)
  TABLESPACE "USERS" ;
--------------------------------------------------------
--  DDL for Index RELATION_20_PK
--------------------------------------------------------

  CREATE UNIQUE INDEX "IE88219LK"."RELATION_20_PK" ON "IE88219LK"."RELATION_20" ("PRODUKTY_PRODUKT_ID", "FAKTURY_FAKTURA_ID") 
  PCTFREE 10 INITRANS 2 MAXTRANS 255 COMPUTE STATISTICS 
  TABLESPACE "USERS" ;
--------------------------------------------------------
--  DDL for Index SP_WYPOZYCZ_PK
--------------------------------------------------------

  CREATE UNIQUE INDEX "IE88219LK"."SP_WYPOZYCZ_PK" ON "IE88219LK"."SP_WYPOZYCZ" ("SPRZET_ID") 
  PCTFREE 10 INITRANS 2 MAXTRANS 255 COMPUTE STATISTICS 
  STORAGE(INITIAL 65536 NEXT 1048576 MINEXTENTS 1 MAXEXTENTS 2147483645
  PCTINCREASE 0 FREELISTS 1 FREELIST GROUPS 1
  BUFFER_POOL DEFAULT FLASH_CACHE DEFAULT CELL_FLASH_CACHE DEFAULT)
  TABLESPACE "USERS" ;
--------------------------------------------------------
--  DDL for Index UMOW_WYPOZ_PK
--------------------------------------------------------

  CREATE UNIQUE INDEX "IE88219LK"."UMOW_WYPOZ_PK" ON "IE88219LK"."UMOW_WYPOZ" ("WYPOZ_ID") 
  PCTFREE 10 INITRANS 2 MAXTRANS 255 COMPUTE STATISTICS 
  STORAGE(INITIAL 65536 NEXT 1048576 MINEXTENTS 1 MAXEXTENTS 2147483645
  PCTINCREASE 0 FREELISTS 1 FREELIST GROUPS 1
  BUFFER_POOL DEFAULT FLASH_CACHE DEFAULT CELL_FLASH_CACHE DEFAULT)
  TABLESPACE "USERS" ;
--------------------------------------------------------
--  DDL for Index UMOWY_DOSTAWY_PK
--------------------------------------------------------

  CREATE UNIQUE INDEX "IE88219LK"."UMOWY_DOSTAWY_PK" ON "IE88219LK"."UMOWY_DOSTAWY" ("UMOWA_DOSTAWY_ID") 
  PCTFREE 10 INITRANS 2 MAXTRANS 255 COMPUTE STATISTICS 
  STORAGE(INITIAL 65536 NEXT 1048576 MINEXTENTS 1 MAXEXTENTS 2147483645
  PCTINCREASE 0 FREELISTS 1 FREELIST GROUPS 1
  BUFFER_POOL DEFAULT FLASH_CACHE DEFAULT CELL_FLASH_CACHE DEFAULT)
  TABLESPACE "USERS" ;
--------------------------------------------------------
--  DDL for Index DOSTAWCY_PK
--------------------------------------------------------

  CREATE UNIQUE INDEX "IE88219LK"."DOSTAWCY_PK" ON "IE88219LK"."DOSTAWCY" ("DOSTAWCA_ID") 
  PCTFREE 10 INITRANS 2 MAXTRANS 255 COMPUTE STATISTICS 
  STORAGE(INITIAL 65536 NEXT 1048576 MINEXTENTS 1 MAXEXTENTS 2147483645
  PCTINCREASE 0 FREELISTS 1 FREELIST GROUPS 1
  BUFFER_POOL DEFAULT FLASH_CACHE DEFAULT CELL_FLASH_CACHE DEFAULT)
  TABLESPACE "USERS" ;
--------------------------------------------------------
--  DDL for Index FAKTURY_PK
--------------------------------------------------------

  CREATE UNIQUE INDEX "IE88219LK"."FAKTURY_PK" ON "IE88219LK"."FAKTURY" ("FAKTURA_ID") 
  PCTFREE 10 INITRANS 2 MAXTRANS 255 COMPUTE STATISTICS 
  STORAGE(INITIAL 65536 NEXT 1048576 MINEXTENTS 1 MAXEXTENTS 2147483645
  PCTINCREASE 0 FREELISTS 1 FREELIST GROUPS 1
  BUFFER_POOL DEFAULT FLASH_CACHE DEFAULT CELL_FLASH_CACHE DEFAULT)
  TABLESPACE "USERS" ;
--------------------------------------------------------
--  DDL for Index GRUPY_PRODUKTOW_PK
--------------------------------------------------------

  CREATE UNIQUE INDEX "IE88219LK"."GRUPY_PRODUKTOW_PK" ON "IE88219LK"."GRUPY_PRODUKTOW" ("GRUPA_PROD_ID") 
  PCTFREE 10 INITRANS 2 MAXTRANS 255 COMPUTE STATISTICS 
  STORAGE(INITIAL 65536 NEXT 1048576 MINEXTENTS 1 MAXEXTENTS 2147483645
  PCTINCREASE 0 FREELISTS 1 FREELIST GROUPS 1
  BUFFER_POOL DEFAULT FLASH_CACHE DEFAULT CELL_FLASH_CACHE DEFAULT)
  TABLESPACE "USERS" ;
--------------------------------------------------------
--  DDL for Index HISTORIE_ZAMOWIEN__IDX
--------------------------------------------------------

  CREATE UNIQUE INDEX "IE88219LK"."HISTORIE_ZAMOWIEN__IDX" ON "IE88219LK"."HISTORIE_ZAMOWIEN" ("KLIENCI_KLIENT_ID") 
  PCTFREE 10 INITRANS 2 MAXTRANS 255 COMPUTE STATISTICS 
  STORAGE(INITIAL 65536 NEXT 1048576 MINEXTENTS 1 MAXEXTENTS 2147483645
  PCTINCREASE 0 FREELISTS 1 FREELIST GROUPS 1
  BUFFER_POOL DEFAULT FLASH_CACHE DEFAULT CELL_FLASH_CACHE DEFAULT)
  TABLESPACE "USERS" ;
--------------------------------------------------------
--  DDL for Index HISTORIE_ZAMOWIEN_PK
--------------------------------------------------------

  CREATE UNIQUE INDEX "IE88219LK"."HISTORIE_ZAMOWIEN_PK" ON "IE88219LK"."HISTORIE_ZAMOWIEN" ("ZAMOWIENIE_ID") 
  PCTFREE 10 INITRANS 2 MAXTRANS 255 COMPUTE STATISTICS 
  STORAGE(INITIAL 65536 NEXT 1048576 MINEXTENTS 1 MAXEXTENTS 2147483645
  PCTINCREASE 0 FREELISTS 1 FREELIST GROUPS 1
  BUFFER_POOL DEFAULT FLASH_CACHE DEFAULT CELL_FLASH_CACHE DEFAULT)
  TABLESPACE "USERS" ;
--------------------------------------------------------
--  DDL for Index KLIENCI_PK
--------------------------------------------------------

  CREATE UNIQUE INDEX "IE88219LK"."KLIENCI_PK" ON "IE88219LK"."KLIENCI" ("KLIENT_ID") 
  PCTFREE 10 INITRANS 2 MAXTRANS 255 COMPUTE STATISTICS 
  STORAGE(INITIAL 65536 NEXT 1048576 MINEXTENTS 1 MAXEXTENTS 2147483645
  PCTINCREASE 0 FREELISTS 1 FREELIST GROUPS 1
  BUFFER_POOL DEFAULT FLASH_CACHE DEFAULT CELL_FLASH_CACHE DEFAULT)
  TABLESPACE "USERS" ;
--------------------------------------------------------
--  DDL for Index KTGIE_SPRZETU_PK
--------------------------------------------------------

  CREATE UNIQUE INDEX "IE88219LK"."KTGIE_SPRZETU_PK" ON "IE88219LK"."KTGIE_SPRZETU" ("KTG_ID") 
  PCTFREE 10 INITRANS 2 MAXTRANS 255 COMPUTE STATISTICS 
  STORAGE(INITIAL 65536 NEXT 1048576 MINEXTENTS 1 MAXEXTENTS 2147483645
  PCTINCREASE 0 FREELISTS 1 FREELIST GROUPS 1
  BUFFER_POOL DEFAULT FLASH_CACHE DEFAULT CELL_FLASH_CACHE DEFAULT)
  TABLESPACE "USERS" ;
--------------------------------------------------------
--  DDL for Index PRACOWNICY_PK
--------------------------------------------------------

  CREATE UNIQUE INDEX "IE88219LK"."PRACOWNICY_PK" ON "IE88219LK"."PRACOWNICY" ("PRAC_ID") 
  PCTFREE 10 INITRANS 2 MAXTRANS 255 COMPUTE STATISTICS 
  STORAGE(INITIAL 65536 NEXT 1048576 MINEXTENTS 1 MAXEXTENTS 2147483645
  PCTINCREASE 0 FREELISTS 1 FREELIST GROUPS 1
  BUFFER_POOL DEFAULT FLASH_CACHE DEFAULT CELL_FLASH_CACHE DEFAULT)
  TABLESPACE "USERS" ;
--------------------------------------------------------
--  DDL for Index PRODUKTY_PK
--------------------------------------------------------

  CREATE UNIQUE INDEX "IE88219LK"."PRODUKTY_PK" ON "IE88219LK"."PRODUKTY" ("PRODUKT_ID") 
  PCTFREE 10 INITRANS 2 MAXTRANS 255 COMPUTE STATISTICS 
  STORAGE(INITIAL 65536 NEXT 1048576 MINEXTENTS 1 MAXEXTENTS 2147483645
  PCTINCREASE 0 FREELISTS 1 FREELIST GROUPS 1
  BUFFER_POOL DEFAULT FLASH_CACHE DEFAULT CELL_FLASH_CACHE DEFAULT)
  TABLESPACE "USERS" ;
--------------------------------------------------------
--  DDL for Index RELATION_20_PK
--------------------------------------------------------

  CREATE UNIQUE INDEX "IE88219LK"."RELATION_20_PK" ON "IE88219LK"."RELATION_20" ("PRODUKTY_PRODUKT_ID", "FAKTURY_FAKTURA_ID") 
  PCTFREE 10 INITRANS 2 MAXTRANS 255 COMPUTE STATISTICS 
  TABLESPACE "USERS" ;
--------------------------------------------------------
--  DDL for Index SP_WYPOZYCZ_PK
--------------------------------------------------------

  CREATE UNIQUE INDEX "IE88219LK"."SP_WYPOZYCZ_PK" ON "IE88219LK"."SP_WYPOZYCZ" ("SPRZET_ID") 
  PCTFREE 10 INITRANS 2 MAXTRANS 255 COMPUTE STATISTICS 
  STORAGE(INITIAL 65536 NEXT 1048576 MINEXTENTS 1 MAXEXTENTS 2147483645
  PCTINCREASE 0 FREELISTS 1 FREELIST GROUPS 1
  BUFFER_POOL DEFAULT FLASH_CACHE DEFAULT CELL_FLASH_CACHE DEFAULT)
  TABLESPACE "USERS" ;
--------------------------------------------------------
--  DDL for Index UMOW_WYPOZ_PK
--------------------------------------------------------

  CREATE UNIQUE INDEX "IE88219LK"."UMOW_WYPOZ_PK" ON "IE88219LK"."UMOW_WYPOZ" ("WYPOZ_ID") 
  PCTFREE 10 INITRANS 2 MAXTRANS 255 COMPUTE STATISTICS 
  STORAGE(INITIAL 65536 NEXT 1048576 MINEXTENTS 1 MAXEXTENTS 2147483645
  PCTINCREASE 0 FREELISTS 1 FREELIST GROUPS 1
  BUFFER_POOL DEFAULT FLASH_CACHE DEFAULT CELL_FLASH_CACHE DEFAULT)
  TABLESPACE "USERS" ;
--------------------------------------------------------
--  DDL for Index UMOWY_DOSTAWY_PK
--------------------------------------------------------

  CREATE UNIQUE INDEX "IE88219LK"."UMOWY_DOSTAWY_PK" ON "IE88219LK"."UMOWY_DOSTAWY" ("UMOWA_DOSTAWY_ID") 
  PCTFREE 10 INITRANS 2 MAXTRANS 255 COMPUTE STATISTICS 
  STORAGE(INITIAL 65536 NEXT 1048576 MINEXTENTS 1 MAXEXTENTS 2147483645
  PCTINCREASE 0 FREELISTS 1 FREELIST GROUPS 1
  BUFFER_POOL DEFAULT FLASH_CACHE DEFAULT CELL_FLASH_CACHE DEFAULT)
  TABLESPACE "USERS" ;
--------------------------------------------------------
--  Constraints for Table DOSTAWCY
--------------------------------------------------------

  ALTER TABLE "IE88219LK"."DOSTAWCY" ADD CONSTRAINT "DOSTAWCY_PK" PRIMARY KEY ("DOSTAWCA_ID")
  USING INDEX PCTFREE 10 INITRANS 2 MAXTRANS 255 COMPUTE STATISTICS 
  STORAGE(INITIAL 65536 NEXT 1048576 MINEXTENTS 1 MAXEXTENTS 2147483645
  PCTINCREASE 0 FREELISTS 1 FREELIST GROUPS 1
  BUFFER_POOL DEFAULT FLASH_CACHE DEFAULT CELL_FLASH_CACHE DEFAULT)
  TABLESPACE "USERS"  ENABLE;
  ALTER TABLE "IE88219LK"."DOSTAWCY" MODIFY ("DOSTAWCA_ID" NOT NULL ENABLE);
  ALTER TABLE "IE88219LK"."DOSTAWCY" MODIFY ("NAZWA" NOT NULL ENABLE);
  ALTER TABLE "IE88219LK"."DOSTAWCY" MODIFY ("NIP" NOT NULL ENABLE);
  ALTER TABLE "IE88219LK"."DOSTAWCY" MODIFY ("NR_TELEFONU" NOT NULL ENABLE);
  ALTER TABLE "IE88219LK"."DOSTAWCY" MODIFY ("e-mail" NOT NULL ENABLE);
--------------------------------------------------------
--  Constraints for Table FAKTURY
--------------------------------------------------------

  ALTER TABLE "IE88219LK"."FAKTURY" ADD CONSTRAINT "FAKTURY_PK" PRIMARY KEY ("FAKTURA_ID")
  USING INDEX PCTFREE 10 INITRANS 2 MAXTRANS 255 COMPUTE STATISTICS 
  STORAGE(INITIAL 65536 NEXT 1048576 MINEXTENTS 1 MAXEXTENTS 2147483645
  PCTINCREASE 0 FREELISTS 1 FREELIST GROUPS 1
  BUFFER_POOL DEFAULT FLASH_CACHE DEFAULT CELL_FLASH_CACHE DEFAULT)
  TABLESPACE "USERS"  ENABLE;
  ALTER TABLE "IE88219LK"."FAKTURY" MODIFY ("FAKTURA_ID" NOT NULL ENABLE);
  ALTER TABLE "IE88219LK"."FAKTURY" MODIFY ("KWOTA" NOT NULL ENABLE);
  ALTER TABLE "IE88219LK"."FAKTURY" MODIFY ("CZY_NA_FIRME" NOT NULL ENABLE);
  ALTER TABLE "IE88219LK"."FAKTURY" MODIFY ("PRACOWNICY_PRAC_ID" NOT NULL ENABLE);
  ALTER TABLE "IE88219LK"."FAKTURY" MODIFY ("KLIENCI_KLIENT_ID" NOT NULL ENABLE);
--------------------------------------------------------
--  Constraints for Table GRUPY_PRODUKTOW
--------------------------------------------------------

  ALTER TABLE "IE88219LK"."GRUPY_PRODUKTOW" ADD CONSTRAINT "GRUPY_PRODUKTOW_PK" PRIMARY KEY ("GRUPA_PROD_ID")
  USING INDEX PCTFREE 10 INITRANS 2 MAXTRANS 255 COMPUTE STATISTICS 
  STORAGE(INITIAL 65536 NEXT 1048576 MINEXTENTS 1 MAXEXTENTS 2147483645
  PCTINCREASE 0 FREELISTS 1 FREELIST GROUPS 1
  BUFFER_POOL DEFAULT FLASH_CACHE DEFAULT CELL_FLASH_CACHE DEFAULT)
  TABLESPACE "USERS"  ENABLE;
  ALTER TABLE "IE88219LK"."GRUPY_PRODUKTOW" MODIFY ("GRUPA_PROD_ID" NOT NULL ENABLE);
  ALTER TABLE "IE88219LK"."GRUPY_PRODUKTOW" MODIFY ("NAZWA_GRUPY" NOT NULL ENABLE);
  ALTER TABLE "IE88219LK"."GRUPY_PRODUKTOW" MODIFY ("KATEGORIA_CENOWA" NOT NULL ENABLE);
--------------------------------------------------------
--  Constraints for Table HISTORIE_ZAMOWIEN
--------------------------------------------------------

  ALTER TABLE "IE88219LK"."HISTORIE_ZAMOWIEN" ADD CONSTRAINT "HISTORIE_ZAMOWIEN_PK" PRIMARY KEY ("ZAMOWIENIE_ID")
  USING INDEX PCTFREE 10 INITRANS 2 MAXTRANS 255 COMPUTE STATISTICS 
  STORAGE(INITIAL 65536 NEXT 1048576 MINEXTENTS 1 MAXEXTENTS 2147483645
  PCTINCREASE 0 FREELISTS 1 FREELIST GROUPS 1
  BUFFER_POOL DEFAULT FLASH_CACHE DEFAULT CELL_FLASH_CACHE DEFAULT)
  TABLESPACE "USERS"  ENABLE;
  ALTER TABLE "IE88219LK"."HISTORIE_ZAMOWIEN" MODIFY ("ZAMOWIENIE_ID" NOT NULL ENABLE);
  ALTER TABLE "IE88219LK"."HISTORIE_ZAMOWIEN" MODIFY ("KLIENCI_KLIENT_ID" NOT NULL ENABLE);
--------------------------------------------------------
--  Constraints for Table KLIENCI
--------------------------------------------------------

  ALTER TABLE "IE88219LK"."KLIENCI" ADD CONSTRAINT "KLIENCI_PK" PRIMARY KEY ("KLIENT_ID")
  USING INDEX PCTFREE 10 INITRANS 2 MAXTRANS 255 COMPUTE STATISTICS 
  STORAGE(INITIAL 65536 NEXT 1048576 MINEXTENTS 1 MAXEXTENTS 2147483645
  PCTINCREASE 0 FREELISTS 1 FREELIST GROUPS 1
  BUFFER_POOL DEFAULT FLASH_CACHE DEFAULT CELL_FLASH_CACHE DEFAULT)
  TABLESPACE "USERS"  ENABLE;
  ALTER TABLE "IE88219LK"."KLIENCI" MODIFY ("KLIENT_ID" NOT NULL ENABLE);
--------------------------------------------------------
--  Constraints for Table KTGIE_SPRZETU
--------------------------------------------------------

  ALTER TABLE "IE88219LK"."KTGIE_SPRZETU" ADD CONSTRAINT "KTGIE_SPRZETU_PK" PRIMARY KEY ("KTG_ID")
  USING INDEX PCTFREE 10 INITRANS 2 MAXTRANS 255 COMPUTE STATISTICS 
  STORAGE(INITIAL 65536 NEXT 1048576 MINEXTENTS 1 MAXEXTENTS 2147483645
  PCTINCREASE 0 FREELISTS 1 FREELIST GROUPS 1
  BUFFER_POOL DEFAULT FLASH_CACHE DEFAULT CELL_FLASH_CACHE DEFAULT)
  TABLESPACE "USERS"  ENABLE;
  ALTER TABLE "IE88219LK"."KTGIE_SPRZETU" MODIFY ("KTG_ID" NOT NULL ENABLE);
  ALTER TABLE "IE88219LK"."KTGIE_SPRZETU" MODIFY ("RODZAJ_SPRZETU" NOT NULL ENABLE);
  ALTER TABLE "IE88219LK"."KTGIE_SPRZETU" MODIFY ("ILOSC_OSOB" NOT NULL ENABLE);
--------------------------------------------------------
--  Constraints for Table PRACOWNICY
--------------------------------------------------------

  ALTER TABLE "IE88219LK"."PRACOWNICY" ADD CONSTRAINT "PRACOWNICY_PK" PRIMARY KEY ("PRAC_ID")
  USING INDEX PCTFREE 10 INITRANS 2 MAXTRANS 255 COMPUTE STATISTICS 
  STORAGE(INITIAL 65536 NEXT 1048576 MINEXTENTS 1 MAXEXTENTS 2147483645
  PCTINCREASE 0 FREELISTS 1 FREELIST GROUPS 1
  BUFFER_POOL DEFAULT FLASH_CACHE DEFAULT CELL_FLASH_CACHE DEFAULT)
  TABLESPACE "USERS"  ENABLE;
  ALTER TABLE "IE88219LK"."PRACOWNICY" MODIFY ("PRAC_ID" NOT NULL ENABLE);
  ALTER TABLE "IE88219LK"."PRACOWNICY" MODIFY ("DATA_ZATRUDNIENIA" NOT NULL ENABLE);
  ALTER TABLE "IE88219LK"."PRACOWNICY" MODIFY ("PENSJA" NOT NULL ENABLE);
  ALTER TABLE "IE88219LK"."PRACOWNICY" MODIFY ("IMIE" NOT NULL ENABLE);
  ALTER TABLE "IE88219LK"."PRACOWNICY" MODIFY ("NAZWISKO" NOT NULL ENABLE);
  ALTER TABLE "IE88219LK"."PRACOWNICY" MODIFY ("e-mail" NOT NULL ENABLE);
--------------------------------------------------------
--  Constraints for Table PRODUKTY
--------------------------------------------------------

  ALTER TABLE "IE88219LK"."PRODUKTY" ADD CONSTRAINT "PRODUKTY_PK" PRIMARY KEY ("PRODUKT_ID")
  USING INDEX PCTFREE 10 INITRANS 2 MAXTRANS 255 COMPUTE STATISTICS 
  STORAGE(INITIAL 65536 NEXT 1048576 MINEXTENTS 1 MAXEXTENTS 2147483645
  PCTINCREASE 0 FREELISTS 1 FREELIST GROUPS 1
  BUFFER_POOL DEFAULT FLASH_CACHE DEFAULT CELL_FLASH_CACHE DEFAULT)
  TABLESPACE "USERS"  ENABLE;
  ALTER TABLE "IE88219LK"."PRODUKTY" MODIFY ("PRODUKT_ID" NOT NULL ENABLE);
  ALTER TABLE "IE88219LK"."PRODUKTY" MODIFY ("NAZWA" NOT NULL ENABLE);
  ALTER TABLE "IE88219LK"."PRODUKTY" MODIFY ("CENA" NOT NULL ENABLE);
  ALTER TABLE "IE88219LK"."PRODUKTY" MODIFY ("STAN_MAGAZYNOWY" NOT NULL ENABLE);
  ALTER TABLE "IE88219LK"."PRODUKTY" MODIFY ("GRUPY_PRODUKTOW_GRUPA_PROD_ID" NOT NULL ENABLE);
  ALTER TABLE "IE88219LK"."PRODUKTY" MODIFY ("UMOWY_DOSTAWY_UMOWA_DOSTAWY_ID" NOT NULL ENABLE);
--------------------------------------------------------
--  Constraints for Table RELATION_20
--------------------------------------------------------

  ALTER TABLE "IE88219LK"."RELATION_20" ADD CONSTRAINT "RELATION_20_PK" PRIMARY KEY ("PRODUKTY_PRODUKT_ID", "FAKTURY_FAKTURA_ID")
  USING INDEX PCTFREE 10 INITRANS 2 MAXTRANS 255 COMPUTE STATISTICS 
  TABLESPACE "USERS"  ENABLE;
  ALTER TABLE "IE88219LK"."RELATION_20" MODIFY ("PRODUKTY_PRODUKT_ID" NOT NULL ENABLE);
  ALTER TABLE "IE88219LK"."RELATION_20" MODIFY ("FAKTURY_FAKTURA_ID" NOT NULL ENABLE);
--------------------------------------------------------
--  Constraints for Table SP_WYPOZYCZ
--------------------------------------------------------

  ALTER TABLE "IE88219LK"."SP_WYPOZYCZ" ADD CONSTRAINT "SP_WYPOZYCZ_PK" PRIMARY KEY ("SPRZET_ID")
  USING INDEX PCTFREE 10 INITRANS 2 MAXTRANS 255 COMPUTE STATISTICS 
  STORAGE(INITIAL 65536 NEXT 1048576 MINEXTENTS 1 MAXEXTENTS 2147483645
  PCTINCREASE 0 FREELISTS 1 FREELIST GROUPS 1
  BUFFER_POOL DEFAULT FLASH_CACHE DEFAULT CELL_FLASH_CACHE DEFAULT)
  TABLESPACE "USERS"  ENABLE;
  ALTER TABLE "IE88219LK"."SP_WYPOZYCZ" MODIFY ("SPRZET_ID" NOT NULL ENABLE);
  ALTER TABLE "IE88219LK"."SP_WYPOZYCZ" MODIFY ("UMOW_WYPOZ_WYPOZ_ID" NOT NULL ENABLE);
--------------------------------------------------------
--  Constraints for Table UMOW_WYPOZ
--------------------------------------------------------

  ALTER TABLE "IE88219LK"."UMOW_WYPOZ" MODIFY ("WYPOZ_ID" NOT NULL ENABLE);
  ALTER TABLE "IE88219LK"."UMOW_WYPOZ" MODIFY ("POCZ_WYPOZYCZENIA" NOT NULL ENABLE);
  ALTER TABLE "IE88219LK"."UMOW_WYPOZ" MODIFY ("CZAS_WYPOZYCZENIA" NOT NULL ENABLE);
  ALTER TABLE "IE88219LK"."UMOW_WYPOZ" MODIFY ("KWOTA" NOT NULL ENABLE);
  ALTER TABLE "IE88219LK"."UMOW_WYPOZ" MODIFY ("KLIENCI_KLIENT_ID" NOT NULL ENABLE);
  ALTER TABLE "IE88219LK"."UMOW_WYPOZ" MODIFY ("PRACOWNICY_PRAC_ID" NOT NULL ENABLE);
  ALTER TABLE "IE88219LK"."UMOW_WYPOZ" ADD CONSTRAINT "UMOW_WYPOZ_PK" PRIMARY KEY ("WYPOZ_ID")
  USING INDEX PCTFREE 10 INITRANS 2 MAXTRANS 255 COMPUTE STATISTICS 
  STORAGE(INITIAL 65536 NEXT 1048576 MINEXTENTS 1 MAXEXTENTS 2147483645
  PCTINCREASE 0 FREELISTS 1 FREELIST GROUPS 1
  BUFFER_POOL DEFAULT FLASH_CACHE DEFAULT CELL_FLASH_CACHE DEFAULT)
  TABLESPACE "USERS"  ENABLE;
--------------------------------------------------------
--  Constraints for Table UMOWY_DOSTAWY
--------------------------------------------------------

  ALTER TABLE "IE88219LK"."UMOWY_DOSTAWY" MODIFY ("UMOWA_DOSTAWY_ID" NOT NULL ENABLE);
  ALTER TABLE "IE88219LK"."UMOWY_DOSTAWY" MODIFY ("KWOTA_ZAMOWIENIA" NOT NULL ENABLE);
  ALTER TABLE "IE88219LK"."UMOWY_DOSTAWY" MODIFY ("PRACOWNICY_PRAC_ID" NOT NULL ENABLE);
  ALTER TABLE "IE88219LK"."UMOWY_DOSTAWY" MODIFY ("DOSTAWCY_DOSTAWCA_ID" NOT NULL ENABLE);
  ALTER TABLE "IE88219LK"."UMOWY_DOSTAWY" ADD CONSTRAINT "UMOWY_DOSTAWY_PK" PRIMARY KEY ("UMOWA_DOSTAWY_ID")
  USING INDEX PCTFREE 10 INITRANS 2 MAXTRANS 255 COMPUTE STATISTICS 
  STORAGE(INITIAL 65536 NEXT 1048576 MINEXTENTS 1 MAXEXTENTS 2147483645
  PCTINCREASE 0 FREELISTS 1 FREELIST GROUPS 1
  BUFFER_POOL DEFAULT FLASH_CACHE DEFAULT CELL_FLASH_CACHE DEFAULT)
  TABLESPACE "USERS"  ENABLE;
--------------------------------------------------------
--  Ref Constraints for Table FAKTURY
--------------------------------------------------------

  ALTER TABLE "IE88219LK"."FAKTURY" ADD CONSTRAINT "FAKTURY_KLIENCI_FK" FOREIGN KEY ("KLIENCI_KLIENT_ID")
	  REFERENCES "IE88219LK"."KLIENCI" ("KLIENT_ID") ENABLE;
  ALTER TABLE "IE88219LK"."FAKTURY" ADD CONSTRAINT "FAKTURY_PRACOWNICY_FK" FOREIGN KEY ("PRACOWNICY_PRAC_ID")
	  REFERENCES "IE88219LK"."PRACOWNICY" ("PRAC_ID") ENABLE;
--------------------------------------------------------
--  Ref Constraints for Table HISTORIE_ZAMOWIEN
--------------------------------------------------------

  ALTER TABLE "IE88219LK"."HISTORIE_ZAMOWIEN" ADD CONSTRAINT "HISTORIE_ZAMOWIEN_KLIENCI_FK" FOREIGN KEY ("KLIENCI_KLIENT_ID")
	  REFERENCES "IE88219LK"."KLIENCI" ("KLIENT_ID") ENABLE;
--------------------------------------------------------
--  Ref Constraints for Table PRODUKTY
--------------------------------------------------------

  ALTER TABLE "IE88219LK"."PRODUKTY" ADD CONSTRAINT "PRODUKTY_GRUPY_PRODUKTOW_FK" FOREIGN KEY ("GRUPY_PRODUKTOW_GRUPA_PROD_ID")
	  REFERENCES "IE88219LK"."GRUPY_PRODUKTOW" ("GRUPA_PROD_ID") ENABLE;
  ALTER TABLE "IE88219LK"."PRODUKTY" ADD CONSTRAINT "PRODUKTY_UMOWY_DOSTAWY_FK" FOREIGN KEY ("UMOWY_DOSTAWY_UMOWA_DOSTAWY_ID")
	  REFERENCES "IE88219LK"."UMOWY_DOSTAWY" ("UMOWA_DOSTAWY_ID") ENABLE;
--------------------------------------------------------
--  Ref Constraints for Table RELATION_20
--------------------------------------------------------

  ALTER TABLE "IE88219LK"."RELATION_20" ADD CONSTRAINT "RELATION_20_FAKTURY_FK" FOREIGN KEY ("FAKTURY_FAKTURA_ID")
	  REFERENCES "IE88219LK"."FAKTURY" ("FAKTURA_ID") ENABLE;
  ALTER TABLE "IE88219LK"."RELATION_20" ADD CONSTRAINT "RELATION_20_PRODUKTY_FK" FOREIGN KEY ("PRODUKTY_PRODUKT_ID")
	  REFERENCES "IE88219LK"."PRODUKTY" ("PRODUKT_ID") ENABLE;
--------------------------------------------------------
--  Ref Constraints for Table SP_WYPOZYCZ
--------------------------------------------------------

  ALTER TABLE "IE88219LK"."SP_WYPOZYCZ" ADD CONSTRAINT "SP_WYPOZYCZ_KTGIE_SPRZETU_FK" FOREIGN KEY ("KTGIE_SPRZETU_KTG_ID")
	  REFERENCES "IE88219LK"."KTGIE_SPRZETU" ("KTG_ID") ENABLE;
  ALTER TABLE "IE88219LK"."SP_WYPOZYCZ" ADD CONSTRAINT "SP_WYPOZYCZ_UMOW_WYPOZ_FK" FOREIGN KEY ("UMOW_WYPOZ_WYPOZ_ID")
	  REFERENCES "IE88219LK"."UMOW_WYPOZ" ("WYPOZ_ID") ENABLE;
--------------------------------------------------------
--  Ref Constraints for Table UMOW_WYPOZ
--------------------------------------------------------

  ALTER TABLE "IE88219LK"."UMOW_WYPOZ" ADD CONSTRAINT "UMOW_WYPOZ_KLIENCI_FK" FOREIGN KEY ("KLIENCI_KLIENT_ID")
	  REFERENCES "IE88219LK"."KLIENCI" ("KLIENT_ID") ENABLE;
  ALTER TABLE "IE88219LK"."UMOW_WYPOZ" ADD CONSTRAINT "UMOW_WYPOZ_PRACOWNICY_FK" FOREIGN KEY ("PRACOWNICY_PRAC_ID")
	  REFERENCES "IE88219LK"."PRACOWNICY" ("PRAC_ID") ENABLE;
--------------------------------------------------------
--  Ref Constraints for Table UMOWY_DOSTAWY
--------------------------------------------------------

  ALTER TABLE "IE88219LK"."UMOWY_DOSTAWY" ADD CONSTRAINT "UMOWY_DOSTAWY_DOSTAWCY_FK" FOREIGN KEY ("DOSTAWCY_DOSTAWCA_ID")
	  REFERENCES "IE88219LK"."DOSTAWCY" ("DOSTAWCA_ID") ENABLE;
  ALTER TABLE "IE88219LK"."UMOWY_DOSTAWY" ADD CONSTRAINT "UMOWY_DOSTAWY_PRACOWNICY_FK" FOREIGN KEY ("PRACOWNICY_PRAC_ID")
	  REFERENCES "IE88219LK"."PRACOWNICY" ("PRAC_ID") ENABLE;
